Time,Ch1,Ch2,Ch3,Ch4,Ch5,Ch6,Ch7,Ch8,Ch9,Ch10,Ch11,Ch12,Ch13,Ch14,Ch15,Ch16,Ch17,Ch18,Ch19,Ch20,Ch21,Ch22,Ch23,Ch24,Ch25,Ch26,Ch27,Ch28,Ch29,Ch30,Ch31,Ch32,Ch33,Ch34,Ch35,Ch36,Ch37,Ch38,Ch39,Ch40,Ch41,Ch42,Ch43,Ch44,Ch45,Ch46,Ch47,Ch48,Ch49,Ch50,Ch51,Ch52,Ch53,Ch54,Ch55,Ch56,Ch57,Ch58,Ch59,Ch60,Ch61,Ch62,Ch63,Ch64,Ch65,Ch66,Sample_Name
1.8,13691.7,13684.5,1227.9,1227.6,1228,10367.1,10428.9,10459.9,3306.3,3305.5,3305.9,6207.5,6208.5,6209.5,21724.1,21727.6,11647.2,11642.6,5582.3,5581.6,5581.7,1135.3,1135.2,1135.3,4066.9,4065.6,4064.8,3562.7,3562.3,3562.5,14613.6,14614.8,60005.4,60003.6,99394.8,99229,99388.1,1606.9,1606.4,1607.1,6804.8,6806,6806.7,7773.4,7771.5,7774.6,27253.1,27260.8,14573.7,14564.9,2718.6,2718.3,2719.1,5158.6,5159.1,5159.1,2269.1,2268.3,2268.4,2154.6,2154.2,2154.1,11532.8,11533.1,40.25,31.58,1
3.6,13684.4,13683.1,1227.9,1227.6,1228.1,10363.7,10424.4,10452.1,3306.3,3305.7,3306.2,6206.9,6207.7,6208.3,21712.6,21724.9,11648.2,11645.8,5582.7,5582.3,5582,1135.1,1135.1,1135.3,4064.8,4064.4,4064.7,3562.5,3562.2,3562.9,14609,14612.7,60097.6,60118.6,99354.1,99444.6,99379.8,1606.6,1606.1,1606.9,6804.7,6804.3,6804.6,7774.8,7772,7773.6,27228.6,27227.3,14569.4,14568.8,2718.7,2718.1,2718.8,5157.3,5157.6,5158,2269.4,2268.6,2268.7,2154.5,2154,2154.2,11532.2,11526.5,40.23,31.59,1
5.4,13682.3,13680.1,1227.9,1227.6,1228,10362.1,10427.1,10458.8,3306.4,3306.1,3306.4,6206.6,6206.6,6209.1,21725.5,21728.5,11654.2,11643.2,5581.3,5581.9,5582.8,1134.9,1135,1135.1,4066.4,4066.1,4065.5,3562.3,3562,3562.4,14615.7,14615.8,60084.5,60040.8,99563.6,99461.2,99519.5,1606.6,1606,1606.7,6804.9,6804.9,6805.4,7774.9,7774.6,7772.8,27220.7,27232.8,14559.1,14566.1,2718.5,2718.3,2717.9,5158,5157.8,5157.5,2269.6,2268.7,2268.5,2154.6,2154.3,2153.9,11532.2,11531.2,40.23,31.59,1
7.2,13683.2,13688,1227.8,1227.6,1227.9,10361.6,10422,10454.7,3306,3305.6,3306.1,6205,6207.5,6210.1,21732.8,21723,11651.1,11651.7,5581.7,5581.7,5581.3,1135.1,1135.1,1135.2,4067.1,4066,4065,3561.7,3561.3,3561.6,14617.7,14615.3,60060.2,60085.1,99402.2,99428.8,99347.5,1606.5,1606.2,1606.9,6805.3,6805.7,6806.1,7775.6,7776.4,7776.3,27230.6,27240.5,14567,14565.2,2717.8,2717.7,2717.9,5157.6,5157.5,5158,2269.8,2269,2269.1,2154.4,2154,2154,11528.5,11531.1,40.240002,31.59,1
9,13690.5,13683.8,1227.9,1227.6,1227.9,10363.3,10427.1,10458.5,3306.4,3306.2,3306.3,6206.3,6206.4,6207.3,21725.1,21726.3,11655,11647.7,5581,5580.5,5580.5,1135.2,1135.2,1135.1,4067.1,4066.4,4067,3562.2,3562.1,3562.1,14606.8,14616.1,60078.1,60141.7,99425.5,99167.8,99125.6,1606.6,1606.2,1607,6806.8,6807,6805.3,7784.4,7783.6,7785.4,27231.8,27231.8,14568.1,14569.7,2718.2,2718,2717.9,5157.1,5157.7,5158.5,2269.9,2269.3,2269.1,2154,2153.7,2153.6,11525.1,11528.2,40.240002,31.58,1
10.8,13685.3,13685.3,1228,1227.7,1227.9,10370.1,10430.8,10464.7,3306.5,3306.1,3306.3,6209.6,6210.6,6212.1,21728.1,21737.8,11645.1,11644.2,5582.3,5581.6,5581.3,1135.4,1135.5,1135.5,4070.4,4069.5,4069.1,3563.6,3563.1,3563.4,14608.5,14607.9,60103.1,60068.1,99364.9,99457.9,99090.1,1606.9,1606.6,1607.5,6810,6810.3,6810.4,7788.7,7789.5,7789.5,27226.9,27192,14569.8,14561.7,2718.1,2717.7,2718.4,5158.4,5157.9,5158.4,2269.7,2268.8,2268.8,2154.4,2154,2154.1,11527.9,11531.4,40.23,31.58,1
12.6,13688.9,13686.7,1227.9,1227.6,1228,10374,10435.4,10468.6,3306.3,3305.7,3305.7,6212.1,6212.3,6214.6,21726.9,21724.8,11649,11648.8,5580.9,5581,5581.2,1135.3,1135.2,1135.4,4073.2,4073.5,4073.7,3564,3564.1,3564.4,14611.4,14617.8,60090,60000.5,99337.5,99427.2,99527.8,1607.5,1606.9,1607.7,6811.9,6810.3,6810.7,7796.4,7796.3,7799.5,27244.2,27239.1,14563.8,14559.9,2718.2,2718.2,2718.6,5158.8,5158.3,5158.1,2269.3,2268.7,2268.5,2154.7,2154.4,2154.4,11534,11534,40.150002,31.58,1
14.4,13685,13682.6,1227.9,1227.7,1228,10375.1,10439.7,10469.7,3306,3305.7,3306.2,6213.6,6212.5,6215.3,21727,21717.1,11650.3,11647.8,5582.4,5582.2,5582.3,1135.4,1135.4,1135.5,4075.8,4074.5,4073.6,3565.2,3565.2,3565.1,14608,14605,59948.5,60036.6,99500.4,99685.4,99688.8,1607.6,1607.3,1608.1,6813.9,6813.3,6813.5,7804.8,7801.2,7803.3,27222,27223,14565.2,14566.2,2719.2,2718.1,2718.9,5158.6,5158.3,5157.8,2269.5,2268.4,2268.4,2154.7,2154.3,2154.4,11532.2,11531.1,40.139999,31.559999,1
16.2,13684.1,13682.6,1228,1227.7,1228.1,10380.8,10442.2,10475.4,3306.3,3305.9,3306.4,6215,6216.4,6217.3,21712.7,21724.8,11648.2,11647.6,5581.8,5581.2,5581.9,1135.6,1135.6,1135.7,4076.5,4076,4076.1,3565.4,3565.3,3565.4,14611,14612.1,60011.7,60043.3,99337.5,99468.7,99577.8,1608.1,1607.5,1608.5,6814.9,6814.6,6815.1,7811.7,7812,7815,27225.4,27232.3,14566.3,14561.2,2719.2,2718.6,2718.6,5158.6,5158.4,5158.6,2269.3,2268.7,2268.5,2154.5,2154.2,2153.8,11531.8,11531.8,40.189999,31.58,1
18,13680.4,13678.5,1228,1227.7,1228.1,10384.3,10445,10476.9,3306.2,3305.9,3306.3,6216.2,6216.7,6219.3,21713,21730,11651.4,11651.1,5582.2,5581,5582,1135.7,1135.7,1135.9,4081,4079.8,4080.5,3565.9,3566,3566.3,14608.4,14608.4,59983.9,60056.9,99719.7,99452.9,99628.7,1608.4,1607.8,1608.7,6817.6,6816.1,6818.3,7818.8,7817.5,7818.4,27224.6,27210.3,14559.1,14559.5,2720.1,2719.5,2719.6,5158.2,5158.7,5157.9,2269.2,2268.5,2268.6,2154.7,2154.4,2154.4,11528.6,11532,40.119999,31.58,1
19.8,13679.9,13682,1227.9,1227.8,1228.1,10385.5,10449.1,10483.1,3306.4,3305.8,3306,6219.3,6220.4,6221.7,21734,21735,11644.9,11643,5581.9,5580.8,5582.1,1135.8,1135.9,1136,4081.7,4081.7,4082.4,3566.8,3566.2,3566.6,14608.3,14614.2,60004.8,60125.5,99635.4,99452.9,99754,1608.6,1607.9,1608.7,6818.3,6819.1,6819.1,7823.6,7822.7,7821.8,27220.2,27235.6,14566.9,14570.5,2720.2,2719.6,2720.3,5157.7,5158.2,5158.6,2269.4,2268.5,2268.4,2154.6,2154.3,2154,11527.8,11532.8,40.130001,31.58,1
21.6,13681.1,13684.3,1228,1227.8,1228.1,10390.7,10453.6,10485.4,3306.4,3306.1,3306.2,6220.9,6222.1,6223.2,21727.1,21724.5,11646.2,11649.1,5582.7,5581.5,5581.6,1136,1136,1136.1,4086.7,4085.9,4084.7,3567.7,3566.7,3567.3,14613.8,14616.1,59981.5,60006,99637,99647.9,99873.7,1608.7,1608.1,1608.8,6820.6,6821.4,6821.1,7826.6,7825.7,7829.4,27230.8,27219.8,14565.5,14565.8,2720.3,2720.1,2720.6,5157.9,5157.8,5158.1,2269.5,2268.6,2268.6,2154.7,2154.3,2154.7,11533.8,11542.5,40.130001,31.59,1
23.4,13681.5,13683.1,1228,1227.7,1228,10391.6,10454,10486,3306.6,3306.5,3306.5,6224.9,6224.3,6226,21731,21729.3,11646.9,11641.4,5581.2,5581.5,5581,1136.2,1136.2,1136.4,4087.6,4087.1,4086.2,3567.5,3567.3,3567.6,14614.5,14611.2,60057.5,60021.7,99798.3,99553.6,99447.9,1608.8,1608.5,1609.3,6822.4,6821.7,6821.7,7833.1,7836.3,7831.2,27238,27239.2,14566.5,14564.7,2720.2,2720,2720.1,5157.5,5158.1,5158.3,2269.9,2268.9,2269,2154.9,2154.5,2154.8,11534.4,11536.6,40.150002,31.559999,1
25.2,13683.1,13681.3,1228,1227.8,1228.1,10396.4,10456.7,10492.4,3306.6,3306.1,3306.5,6224.7,6225.8,6227.3,21717.9,21735.6,11650.1,11649.5,5581.6,5580.8,5581.1,1136.2,1136.2,1136.3,4089.9,4089.5,4088.5,3568.5,3568,3568.1,14612.7,14609.2,60045.4,59936.1,99659.5,99647.9,99633.7,1609.4,1608.9,1609.6,6822.6,6822.2,6821.6,7834.2,7836.4,7837.7,27202.2,27237.1,14566,14572.8,2721.1,2720.7,2721.1,5157.7,5157.6,5158.4,2269.8,2268.8,2268.5,2155,2154.3,2154.4,11531.1,11532.5,40.18,31.58,1
27,13685.7,13683.7,1228.2,1227.9,1228.3,10401.2,10462.8,10495,3306.9,3306.4,3306.8,6228.4,6228.1,6230.1,21733.6,21737,11648.5,11648.9,5582.6,5582.4,5581.9,1136.3,1136.4,1136.5,4091.1,4089.7,4090.8,3568.8,3568.5,3568.8,14612.9,14624,60022.3,59951.5,99545.3,99555.3,99688.8,1609.5,1609,1609.7,6822.9,6822.1,6823.9,7840.8,7839,7839.5,27229,27218.8,14574.1,14569.7,2721.1,2720.8,2720.6,5157.8,5157.9,5158.2,2269.6,2268.9,2268.9,2155.2,2154.6,2154.9,11534.7,11537.6,40.16,31.59,1
28.8,13681.9,13684.2,1228.3,1228.1,1228.3,10403.8,10463,10495,3306.5,3306.6,3306.7,6230.6,6231.3,6233.6,21717.9,21723.2,11641.5,11644,5581.7,5581.6,5581.1,1136.2,1136.2,1136.4,4094.6,4094.2,4093.7,3568.9,3568.5,3569,14619.6,14616,59978.7,60006,99524.5,99410.6,99596.1,1609.8,1609.3,1610.2,6824.1,6825.9,6823.8,7844.5,7842.9,7845.3,27223.5,27242.9,14569.1,14569.6,2721.2,2720.6,2720.8,5158,5158.2,5158.5,2269.7,2268.9,2268.8,2155.5,2155.3,2155,11529.3,11534.4,40.139999,31.559999,1
30.6,13683.2,13674.8,1228.3,1228,1228.4,10401.1,10465.9,10496.6,3307.4,3306.7,3307.1,6232.2,6232.9,6232.8,21716.2,21731.7,11638.8,11640.1,5582.4,5581.8,5582.5,1136.5,1136.6,1136.6,4095.2,4095.2,4094.6,3569.5,3569.5,3569.9,14608.6,14613.8,59791.1,60087.6,99679.6,100126.7,99645.4,1610.2,1609.6,1610.4,6826.1,6824,6824.8,7844.8,7846,7845.5,27237.3,27235,14577.5,14570.9,2722,2722.4,2722,5157.6,5158,5157.9,2269.8,2269.1,2269.2,2155.4,2155.3,2155.3,11527.9,11533.7,40.189999,31.559999,1
32.4,13676.3,13680.2,1228.3,1228.1,1228.5,10403.3,10462.4,10497.1,3307,3306.5,3306.8,6233.5,6234.1,6236.3,21721.2,21726.9,11647.2,11644.1,5581.5,5581.1,5580.8,1136.6,1136.7,1136.8,4099.3,4096.9,4097.4,3570.6,3570.3,3570.6,14610.4,14613,59989.9,60011.7,99805,99744.8,99736.4,1610.4,1609.8,1610.5,6827.1,6827.3,6825.5,7851.9,7850.5,7854.6,27224.7,27227,14575.2,14571.2,2723,2722.5,2722.7,5157.9,5158.2,5158.2,2270,2269.1,2269.1,2155.6,2155.7,2155.8,11531.4,11536.3,40.23,31.59,1
34.2,13685.5,13683.7,1228.5,1228.2,1228.6,10406.6,10468.6,10498.2,3307.1,3307.1,3307,6238.6,6238.8,6239.9,21723.8,21726.6,11639.6,11640.2,5581.4,5581.4,5581.9,1136.8,1136.9,1136.9,4100.5,4101,4099.8,3570.5,3570.6,3570.6,14609.6,14610.6,60049.6,60040.8,99810,100066.1,99749.8,1610.5,1610.1,1610.8,6827.3,6826.5,6828.9,7855.1,7858.2,7859.5,27237.1,27234.1,14566.8,14564.6,2722.6,2721.9,2722.3,5157.6,5157.9,5159.3,2269.8,2269.2,2269.1,2156.3,2155.9,2155.8,11526.8,11523.8,40.259998,31.59,1
36,13683.4,13684.2,1228.4,1228.2,1228.4,10413.6,10476.2,10508.5,3307.5,3307.1,3307.2,6238.9,6240.3,6242.3,21717.9,21717.9,11640.4,11638.4,5582.5,5582.2,5581.7,1137.2,1137.1,1137.1,4104.7,4103.6,4103.3,3571.5,3571.1,3571.6,14606.1,14614.3,60008.1,60076.9,99674.6,99821.8,99568.6,1610.6,1610.3,1611,6829.7,6828.9,6831.7,7857.4,7859,7859.3,27231.6,27234.8,14571.2,14569.6,2722.9,2722.5,2722.6,5157.6,5158.4,5158.5,2270.5,2269.9,2269.3,2156.4,2155.8,2155.8,11528.2,11535.9,40.23,31.58,1
37.8,13681.4,13680.9,1228.5,1228.3,1228.6,10411.1,10474.5,10507.3,3307,3306.7,3306.9,6238.4,6239.9,6241.2,21717.2,21723.5,11638.7,11640.5,5582.7,5581.4,5581.5,1137,1136.9,1137.2,4106.3,4105.8,4106.3,3571.2,3571.6,3571.5,14611.8,14614.8,60024.8,60047.8,99744.8,99383.1,99829.3,1611.1,1610.5,1611.3,6830.7,6829.5,6831.1,7865.2,7864.6,7864.3,27222.5,27229,14569.7,14572,2722.9,2722.8,2723.2,5158.4,5157.9,5157.9,2270,2269,2269.1,2156.1,2155.6,2155.9,11530.3,11532.5,40.220001,31.559999,1
39.6,13679.6,13680.1,1228.5,1228.4,1228.6,10414.2,10475.7,10507,3307.1,3306.8,3307.1,6240.1,6241.2,6242.6,21724.9,21731.6,11640.9,11641.7,5580.6,5581.7,5581.6,1137.1,1137.2,1137.3,4108.9,4108.6,4107.5,3572.2,3572.3,3572.6,14609.3,14610.1,60074.5,60039.6,99872,99997.1,99700.5,1611.2,1610.8,1611.6,6831.1,6831.3,6832.8,7871.6,7871.8,7871.3,27238.1,27227.6,14563.2,14564.1,2723.2,2723,2723.1,5157.2,5158,5157.9,2270.2,2269.5,2269.6,2157,2156.4,2156.1,11522.5,11518.6,40.259998,31.59,1
41.4,13679,13681.7,1228.4,1228.2,1228.6,10417.4,10476,10511.8,3307.5,3307.1,3307.3,6242.9,6243.8,6244.5,21717.2,21717.2,11644.5,11646.1,5582.8,5582.3,5582.8,1137.3,1137.3,1137.4,4111.7,4112.6,4112.7,3573,3573.1,3573.3,14606,14615.4,59960.9,60027.8,99744.8,99642,99832.7,1611.6,1611.1,1612,6833.7,6834.6,6834.1,7875,7869.1,7876.5,27227.5,27206.9,14574.6,14566.9,2724.9,2724.1,2724.1,5157.4,5157.6,5158.1,2270,2269.2,2269.2,2156.9,2156.1,2156.3,11527.8,11525.1,40.27,31.59,1
43.2,13679,13677.8,1228.6,1228.3,1228.7,10419.1,10483.2,10514.2,3307.1,3306.6,3307.1,6246,6246.5,6248.4,21720.6,21738.1,11648.8,11645.1,5582.2,5582.5,5581.6,1137.3,1137.4,1137.6,4115,4115.4,4114.3,3574.1,3573.7,3574.1,14619.5,14612.3,59936.7,60006,99793.3,99818.4,99872,1612,1611.5,1612,6835.1,6834.9,6833.9,7877.6,7879.1,7880.7,27246.5,27251,14571.4,14572,2724.7,2723.8,2724.5,5157.5,5157.3,5158.4,2270.6,2269.3,2269.8,2156.7,2155.9,2156.2,11527.2,11530.4,40.259998,31.59,1
45,13678.6,13677.8,1228.6,1228.3,1228.6,10422.2,10489.1,10517,3307.1,3306.9,3307.1,6246.8,6247.8,6249.5,21732.5,21741.1,11645,11645.7,5581.7,5581.2,5581.5,1137.5,1137.5,1137.6,4118.4,4117.8,4117.6,3574.6,3573.8,3574.6,14614.2,14615.6,60011.7,60026,99909.8,99926.6,99945.9,1612.1,1611.6,1612.4,6836.3,6836.8,6835.6,7885.4,7884.3,7886.9,27240.7,27247,14571.3,14567.4,2723.6,2723.4,2723.3,5156.9,5157,5157.7,2269.9,2269,2269.2,2156.6,2156.4,2155.8,11522,11526.9,40.330002,31.59,1
46.8,13684.9,13676.9,1228.6,1228.3,1228.7,10424.2,10483.9,10516.3,3307.3,3307.1,3307.4,6246.2,6246.9,6248.6,21724.9,21736.6,11651.6,11638.1,5582.1,5581.4,5582,1137.4,1137.5,1137.6,4122.2,4121.5,4122,3575.2,3574.4,3574.6,14613.3,14617.8,60042.7,60046,99888.8,100004.7,99870.4,1612.3,1611.8,1612.8,6836.3,6836.8,6838.4,7890.5,7890.8,7892.8,27230.5,27238.8,14563.4,14562.1,2725.2,2724.3,2724.6,5157.2,5157.7,5158.2,2270.3,2269.4,2269.3,2156.4,2156.2,2156.3,11523.5,11523.6,40.240002,31.59,1
48.6,13673.4,13675.5,1228.8,1228.5,1228.8,10423.6,10484.5,10518.7,3307.2,3307,3307.7,6246.7,6247.8,6249.4,21740,21733.9,11640.2,11642.7,5581.4,5581.7,5581.5,1137.7,1137.7,1137.9,4125.3,4124.8,4124.2,3575.7,3575.8,3575.8,14610.6,14609.2,59998.7,59978.1,99811.7,99935.8,99888.8,1612.6,1612,1612.8,6839.1,6839.5,6839.4,7891.1,7893.5,7894.3,27230.8,27222.5,14570.4,14563.9,2725.2,2724,2724.8,5157.9,5157.8,5158.7,2270.3,2269.6,2269.5,2156.9,2156.5,2156.3,11527.4,11530.7,40.27,31.59,1
50.4,13672.9,13673.5,1228.7,1228.5,1228.8,10430,10491.4,10525.1,3307.9,3307.2,3307.7,6249,6248.3,6249.9,21718.5,21732.5,11646.7,11640.4,5582.7,5582.2,5583.5,1137.8,1138,1138,4126.9,4125.9,4128.2,3576.5,3576,3576.2,14608.6,14612,59897.2,60050.8,99913.1,99856.1,100588.1,1612.7,1612.3,1613,6841.7,6840.5,6840.4,7897.6,7899.4,7901.2,27225.6,27241.2,14564.1,14565.1,2725,2724.6,2724.9,5157.9,5158.3,5158.7,2270.1,2269.6,2269.4,2156.9,2156.7,2156.3,11524,11528.3,40.290001,31.559999,1
52.2,13674.5,13675.1,1228.7,1228.5,1228.9,10431.1,10494.2,10528.2,3307.6,3306.9,3307,6250,6251,6251.5,21707.8,21722.4,11639.8,11644.8,5583.6,5583.7,5582.9,1137.9,1138,1138.1,4129.4,4127.6,4127.3,3576.6,3576.9,3576.9,14620.7,14614.1,60095.5,60028.4,100207.7,100024.9,99739.8,1612.9,1612.5,1613.1,6842,6842.9,6841,7901.2,7900.7,7902.8,27285.1,27230.8,14563.4,14561.7,2726,2725.5,2725.5,5157.8,5158.6,5157.4,2270.2,2269.4,2269.1,2157.1,2156.9,2156.9,11527.7,11529.9,40.25,31.58,1
54,13680.9,13680.2,1228.9,1228.7,1229,10432.2,10495.7,10528.5,3307.8,3307.2,3307.7,6253.6,6253.5,6255.1,21715.8,21731.2,11645.2,11642.2,5582.8,5582.2,5581.5,1138.2,1138.2,1138.2,4131.2,4129.8,4129.7,3577.4,3576.9,3577,14604,14615.3,60070.6,60030.2,100211.1,100035,100197.6,1613.2,1612.6,1613.3,6841.1,6841.7,6840.8,7905.2,7903.6,7906.8,27251,27242.8,14570.9,14567,2725.7,2725.3,2725.8,5158.6,5158,5158.4,2270.6,2269.7,2269.6,2157.3,2156.7,2156.7,11528.3,11524.6,40.25,31.58,1
55.8,13679.3,13677.6,1228.8,1228.5,1228.9,10434.6,10495.6,10530,3307.5,3307,3307.7,6255.4,6255.8,6256.8,21708,21718.1,11641.5,11643.2,5583.6,5583.4,5583.3,1138.2,1138.2,1138.3,4134,4132.8,4131.5,3578.2,3577.8,3578.3,14610.5,14606.3,60019.3,60043.9,99954.3,100105.7,100042.5,1613.1,1612.6,1613.4,6844.2,6842.8,6841.2,7904.7,7904.6,7905.6,27236.4,27221.9,14565.7,14567.8,2725.6,2725.3,2725.4,5157.3,5157.9,5157.9,2270.5,2269.8,2269.7,2157.5,2156.9,2156.4,11532.8,11528.1,40.279999,31.610001,1
57.6,13679.7,13672.6,1229,1228.7,1229,10442.6,10504.9,10537.7,3307.5,3307.3,3307.4,6256.7,6256.7,6258.6,21726.6,21723.2,11642,11641.8,5583.9,5583.2,5582.7,1138.3,1138.4,1138.5,4135.1,4135.7,4134.9,3579,3578.5,3578.8,14610,14611.2,59960.9,60059,99926.6,100200.9,100192.5,1613.5,1612.7,1613.4,6843,6842.9,6843.2,7908.1,7911.1,7909,27250.7,27264.7,14570.4,14564.5,2725.9,2725.5,2726,5157.6,5157.6,5157.9,2270.4,2269.8,2269.5,2157.3,2157.2,2156.9,11527,11533.7,40.23,31.610001,1
59.4,13684.6,13680.5,1229.1,1228.8,1229,10443.9,10506.4,10539,3307.7,3307.4,3307.7,6258.2,6259.3,6259.7,21722.8,21720.3,11642.7,11642.9,5584.7,5583.5,5583.6,1138.5,1138.4,1138.7,4137.7,4135.7,4135.9,3578.6,3578.7,3579,14616.1,14623,60064.5,59975.1,100149.5,100035,99862,1613.7,1613,1613.7,6844,6844.5,6843.5,7908.8,7907,7911.7,27241.1,27247,14564.4,14564,2727.2,2726.4,2726.8,5157.8,5158,5158.1,2270.5,2270,2270,2157.5,2157,2157.3,11527.2,11522.4,40.220001,31.59,1
61.2,13678.5,13678.5,1229,1228.7,1229,10449.3,10510.3,10540.8,3307.3,3307.2,3307.5,6260.8,6260.8,6262.8,21722.9,21722.3,11642.6,11639,5582.8,5582.4,5583.3,1138.6,1138.6,1138.7,4142.3,4139,4138.6,3579.3,3579.1,3579.1,14618.9,14616.2,59904.1,59993,100064.4,100062.7,100114.9,1613.3,1613,1613.7,6845.2,6845.2,6843.9,7908.9,7910.1,7913.3,27235.8,27248.1,14569.8,14565.1,2726.3,2725.7,2726.2,5157.2,5157.7,5158.2,2271.1,2270.2,2270.1,2157.6,2157,2157.2,11525.9,11530.2,40.27,31.59,1
63,13676.9,13675.7,1229,1228.7,1229.1,10448.8,10512.1,10547.2,3307.8,3307.6,3307.8,6260.4,6262.1,6263.3,21713.5,21721.2,11638.9,11643,5583.5,5583.4,5582.9,1138.6,1138.6,1138.7,4139.7,4139.6,4140.2,3579.7,3580,3579.6,14618,14615.5,59982.7,60049.6,100123.4,100035,100327.7,1613.8,1613.2,1613.9,6844.9,6843.8,6844.4,7910.8,7912.3,7916,27253.4,27245,14565.8,14568.2,2727.8,2727.7,2727.2,5157.8,5157.8,5157.7,2270.6,2269.7,2269.8,2157.6,2157.3,2157.3,11536.2,11533.3,40.290001,31.610001,1
64.8,13674.5,13669.3,1229.2,1229,1229.3,10450.6,10514.6,10549.3,3307.9,3307.5,3307.4,6263.2,6264.7,6265.9,21716.2,21734.9,11646.5,11647.3,5582,5581.8,5582.6,1138.6,1138.6,1138.9,4145,4142.9,4142.7,3579.6,3578.8,3579.9,14618.3,14619.2,59983.3,60121.6,100093.9,99909.8,100071.1,1613.8,1613.3,1614.2,6844.8,6846,6845.4,7915.2,7914.5,7914.8,27230.6,27229.8,14560.8,14570.1,2727.6,2728.2,2727.7,5157.8,5158.2,5157.7,2270.5,2270,2269.8,2158.2,2157.9,2158.2,11526.6,11530.6,40.23,31.610001,1
66.6,13680.1,13693,1229.2,1228.9,1229.2,10452.1,10514.7,10552.2,3307.8,3307.5,3308.1,6264.7,6265.1,6267.9,21724.2,21723.7,11639,11641.4,5582.8,5582.8,5582,1138.6,1138.7,1139,4147.2,4146.3,4146.4,3580.5,3579.9,3580.3,14614.7,14612.6,59996.3,60065.1,100072.8,100315,100223.7,1614.2,1613.4,1614.2,6846.6,6845.8,6846.2,7916,7914.5,7915.1,27243.4,27242.8,14573.9,14570.6,2727.2,2726.7,2726.8,5157.3,5157.6,5158.8,2270.4,2269.6,2269.4,2158.2,2157.7,2157.5,11525.6,11527.3,40.220001,31.559999,1
68.4,13673.6,13673.5,1229.2,1228.9,1229.2,10458,10520.1,10552.9,3307.8,3307.3,3307.8,6269.9,6266.6,6268.8,21724.7,21727.1,11644.1,11643.9,5583.4,5583.1,5583.2,1138.8,1138.9,1139.1,4147.2,4147.4,4145.5,3581.1,3581.2,3581.2,14616,14620,60016,59989.3,100125,100008,100018.1,1614,1613.5,1614.2,6848.2,6848.4,6848.4,7915.5,7916.4,7918.2,27228.2,27246.9,14570.8,14568.9,2728.1,2727.7,2727.7,5157.8,5158.4,5158.3,2270.5,2269.8,2269.8,2158.2,2157.7,2157.8,11528.9,11529,40.25,31.59,1
70.2,13672.3,13671.8,1229.1,1229,1229.3,10463.5,10526.7,10559.2,3307.6,3307.3,3307.7,6268.7,6269.8,6270.5,21718.6,21722.7,11644.5,11643.5,5583,5583.1,5583.4,1138.9,1138.9,1139,4149.8,4150.5,4151.2,3581.5,3581,3581.6,14612.2,14616.9,59963.9,60061.5,100364.1,99993.8,100042.5,1614.2,1613.8,1614.6,6849.3,6848.9,6850,7917.2,7918,7920.2,27221.3,27236.6,14568,14567.2,2729.4,2728.4,2727.8,5157.1,5156.6,5157.1,2270.4,2269.6,2269.4,2158.6,2158,2158.3,11530.9,11528.9,40.279999,31.59,1
72,13672.8,13674,1229.2,1228.9,1229.3,10463.7,10526.6,10559.2,3308.2,3307.7,3307.8,6271.2,6271.2,6273.3,21715.7,21719.3,11635.7,11634.8,5583.4,5583.7,5583.9,1138.9,1139.1,1139.2,4150.7,4149.6,4148.3,3581.8,3581.2,3581.8,14618.8,14638.4,60003,60012.3,100098.9,100157.9,100036.6,1614.2,1613.8,1614.7,6850.8,6850.3,6850.6,7917.5,7917.9,7914.2,27220.4,27252.1,14566.5,14562.2,2728.9,2728.5,2728.7,5157,5156.5,5157.3,2270.8,2269.6,2269.7,2158.4,2157.7,2158.1,11526.3,11523.2,40.23,31.59,1
73.8,13675.2,13671.9,1229.3,1229,1229.3,10465.7,10527.9,10562.5,3308.1,3307.7,3308,6269.3,6271.2,6273,21728.1,21718.6,11643.1,11643.6,5583,5581.6,5583.3,1139,1139.1,1139.1,4152.5,4151,4152.8,3582.1,3582.1,3582.5,14612.5,14613.2,60024.2,60126.1,100260,100174.8,100083.8,1614.3,1613.8,1614.5,6849.8,6850.9,6849.3,7918.2,7920.6,7922.5,27235.3,27218.8,14563.5,14563.2,2728.5,2728.5,2728.8,5157.1,5155.4,5157.7,2270.9,2270.3,2270.1,2158.5,2158.2,2158.1,11529.3,11536.2,40.220001,31.59,1
75.6,13674.3,13669.2,1229.4,1229.1,1229.5,10466,10532.6,10566.1,3308.3,3307.7,3307.9,6271.9,6272.9,6275.1,21731,21724.5,11644.9,11643.9,5583.9,5583.3,5583,1139,1139,1139.2,4153.6,4154,4153.4,3582.7,3582.5,3582.5,14616,14615.4,59927.4,59976.9,100006.4,99652.9,100185.8,1614.3,1614,1614.5,6852.1,6851.2,6851.2,7922,7923.3,7924.2,27228.5,27231.4,14570.9,14565.6,2729.3,2728.5,2728.6,5156.5,5156.3,5157,2271.2,2270.6,2270.7,2158.1,2158,2157.7,11523.4,11525.8,40.259998,31.59,1
77.4,13673.4,13675.1,1229.5,1229.3,1229.6,10471.7,10533.1,10564,3307.9,3307.6,3307.9,6274.7,6276.4,6278,21732.1,21738.2,11647.6,11641.8,5583.3,5582.3,5582.8,1139.3,1139.4,1139.3,4157.9,4157.1,4155.9,3582.8,3582.4,3582.7,14605,14608,59989.9,60020.5,100261.7,100316.7,100166.3,1614.3,1614,1614.6,6852,6852.5,6853.4,7921.6,7921.3,7921.1,27227.8,27230.6,14566,14564.1,2729.7,2729.5,2730,5158,5158,5157.4,2271,2270.2,2270.1,2158.9,2158.7,2158.6,11533.3,11524.4,40.23,31.58,1
79.2,13673.7,13671,1229.5,1229.3,1229.5,10472.9,10537.4,10568.6,3308.3,3307.7,3308.2,6276.8,6278.6,6280.4,21731.7,21729.5,11645.4,11648,5584.2,5582.7,5583.1,1139.4,1139.4,1139.6,4160.9,4159.7,4158.6,3583.7,3583.3,3583.7,14610.4,14618.2,60057.5,60032.3,100252.4,100429.3,100230.5,1614.5,1614.1,1614.7,6853.3,6852.8,6853.9,7922.8,7919.9,7924,27223.5,27230.2,14562.8,14567.2,2729.7,2729.7,2729.9,5157.4,5156.4,5156.3,2271,2270.4,2270.3,2158.9,2158.3,2158.4,11524.7,11527.6,40.209999,31.610001,1
81,13673.9,13669.7,1229.5,1229.3,1229.7,10474.6,10537,10572.3,3308.7,3308,3308.6,6279.6,6280.2,6281.6,21705.6,21718.4,11653,11650.5,5583.8,5583.4,5581.6,1139.5,1139.6,1139.6,4162.1,4162,4160.6,3584.3,3584.1,3583.9,14620.2,14617.5,59939.1,60025.4,100387.8,100419.1,100327.7,1614.7,1614,1614.9,6852.7,6852.9,6852.1,7924,7924.9,7927,27232.9,27250.8,14562.7,14568.1,2730,2730.4,2730.5,5157.4,5157.2,5157.9,2271.3,2270.6,2270.6,2159.1,2159.1,2159.3,11527.4,11534.5,40.25,31.59,1
82.8,13673.7,13670.7,1229.6,1229.3,1229.7,10477.4,10539.3,10574.2,3308.8,3308.2,3308.8,6279.8,6280.8,6282.9,21751.9,21721.4,11647.4,11646.7,5583.9,5583.6,5583.4,1139.5,1139.6,1139.6,4162.3,4160.6,4161.4,3584.4,3584.1,3584.4,14614.6,14614,60075.1,60052.1,100306.5,100171.4,100184.1,1614.5,1614.1,1614.8,6854.3,6854.1,6855.8,7926.5,7925.3,7926.6,27230.1,27241.5,14561.5,14560.7,2729.9,2729.4,2729.5,5157.4,5157.8,5157.4,2271.3,2270.7,2270.6,2159.1,2158.8,2159.1,11533.2,11531.4,40.23,31.58,1
84.6,13680.7,13677.2,1229.7,1229.4,1229.7,10478.1,10543.2,10575,3308.2,3308,3308.2,6281.5,6280.5,6281.7,21707.8,21724.5,11644.6,11646,5583.1,5582.5,5582.8,1139.4,1139.5,1139.6,4167.9,4163.8,4163.8,3584.4,3584.2,3584.7,14611.7,14617.6,59983.9,60050.2,100419.1,100553.2,100249.1,1614.6,1614.1,1614.8,6854.5,6854.9,6854.6,7925.7,7929.6,7928.2,27241.4,27248.3,14564.1,14561.5,2730.1,2730,2730.1,5156.8,5156.7,5156.6,2271.5,2270.7,2270.7,2159.5,2158.8,2159.2,11530.8,11527.7,40.23,31.559999,1
86.4,13671.7,13672.1,1229.7,1229.5,1229.8,10484.6,10545.4,10578.1,3308.2,3308,3307.8,6281,6282.6,6282.9,21722.6,21719.1,11646,11641.7,5584,5583.9,5583,1139.7,1139.7,1139.8,4167.2,4165.3,4165,3584.9,3584.5,3585,14613.1,14606.2,60002.4,59973.3,100442,100290.5,100533.7,1614.8,1614.2,1615.1,6854,6854.7,6854.6,7930.7,7930.4,7932.4,27247.4,27198.3,14562.4,14561.4,2731.1,2730.1,2730.5,5157.6,5156.6,5157.6,2271.4,2270.5,2270.3,2159.5,2159.1,2159.3,11526.8,11526,40.279999,31.58,1
88.2,13676,13678.3,1229.8,1229.5,1229.8,10484.4,10545.7,10578.7,3308.6,3308,3308.6,6281.5,6282.6,6282.3,21715.6,21713.5,11639.4,11639.3,5583.6,5583.3,5583.6,1139.6,1139.5,1139.7,4169,4167.5,4166.1,3585.7,3585,3585.3,14617.6,14617.3,60036.6,60010.5,100232.2,100321.8,100242.3,1614.8,1614.4,1615.2,6856,6855.6,6856.7,7928.8,7927.9,7926.8,27230.3,27243.1,14561,14568.5,2731.4,2730.7,2731.2,5157.2,5156.8,5157.7,2271.1,2270.1,2270.5,2159.4,2159.1,2159.2,11525.4,11527.4,40.240002,31.59,1
90,13671.9,13670.2,1229.8,1229.6,1229.9,10486.3,10548.9,10578.7,3308.4,3307.7,3308.5,6281.4,6283,6283.9,21725.5,21723.1,11639.4,11641.2,5582,5581.4,5582.9,1139.6,1139.7,1139.7,4168.9,4168.7,4167.9,3585.6,3585.5,3585.9,14615.3,14621.5,60024.8,59989.3,100249.1,100278.6,100217.8,1615,1614.5,1615.2,6855.4,6855.4,6855.1,7926.8,7927,7930.7,27225.6,27248.1,14571.1,14563.2,2731.1,2730.7,2731.3,5157.5,5157,5157.8,2271.6,2270.8,2270.5,2159.3,2159,2159.1,11522.7,11521.7,40.259998,31.59,1
91.8,13673.7,13676.1,1229.9,1229.7,1229.9,10483.6,10548.3,10581.4,3308.6,3308.1,3308.7,6283.2,6283.6,6285.6,21712.6,21721.5,11648.8,11650.3,5583.6,5584.1,5583.6,1139.7,1139.8,1139.8,4169.9,4171.8,4169.4,3586.2,3586.1,3586,14611.7,14618.2,59960.3,59950.3,100166.3,100483.6,100161.3,1614.9,1614.5,1615.2,6855.3,6856.1,6856.9,7931.2,7930.9,7932.5,27235.1,27237.9,14571.1,14569.4,2730.9,2730.6,2730.4,5157.1,5158.4,5157.9,2271.2,2270.4,2270.4,2159.8,2159.5,2159.1,11524.5,11520,40.259998,31.610001,1
93.6,13673.4,13674.6,1229.9,1229.7,1230,10488.5,10552.8,10584.7,3308.8,3308.5,3308.6,6286,6286,6286.2,21714.8,21714.4,11642.2,11645,5583.8,5583.2,5583.1,1139.8,1139.8,1139.9,4172.5,4171.5,4173.1,3586.3,3586.1,3586.7,14620.2,14622.2,60082.4,60003.6,100532,100120,100304.8,1615.1,1614.7,1615.4,6858.3,6858.3,6856.6,7931.6,7931.3,7933.6,27225.6,27232.4,14566,14563.9,2731.2,2730.8,2731.2,5157.7,5157.2,5157.4,2271.3,2270.7,2270.7,2159.5,2159.2,2159.3,11525.7,11528.7,40.27,31.610001,1
95.4,13672.2,13671.9,1229.9,1229.6,1230,10494.5,10557.4,10590.1,3308.6,3308,3308.3,6287.3,6286.3,6288,21713,21715.4,11640.4,11650.3,5583.5,5582.7,5583.2,1140,1140.1,1140.1,4174.3,4173.8,4173.1,3587.1,3587.1,3586.8,14612.3,14615.1,59957.9,60031.4,100387.8,100462.4,100556.6,1615.1,1614.4,1615.3,6859,6858.7,6858.4,7929.5,7931.3,7933.8,27241.5,27237.1,14568.6,14563.5,2731.9,2731.8,2732.2,5157.7,5158.1,5158,2271.3,2270.7,2270.3,2159.9,2159.3,2159.6,11524.7,11527.8,40.209999,31.610001,1
97.2,13668.9,13669.9,1229.9,1229.7,1230.1,10496.4,10559,10592.2,3308.7,3307.9,3308.4,6286.4,6288.2,6290,21720.8,21719.2,11641.9,11642,5584.3,5582.7,5582.9,1139.9,1140,1140.2,4176.4,4175.4,4174,3587.5,3587.1,3587.4,14616.2,14618.1,60039,60013,100431,100603.4,100469.2,1615,1614.6,1615.5,6857.7,6858.8,6859.5,7932,7930.8,7932.5,27247.9,27231.8,14564.2,14566.4,2731.4,2730.4,2730.5,5156.7,5157,5157.2,2271.3,2270.7,2270.6,2160.2,2159.9,2159.5,11527.6,11532.4,40.23,31.58,1
99,13666.8,13670.9,1229.9,1229.7,1230,10496,10558.3,10591.7,3308.7,3308.2,3308.7,6288.7,6288,6288.8,21719.6,21713.3,11640.7,11639.6,5583.5,5583.6,5584.2,1140,1140,1140.2,4176.4,4175.9,4175.2,3587.6,3587.1,3587.4,14618.5,14623.7,60033,59936.1,100415.8,100615.3,100483.6,1615.3,1614.7,1615.5,6859.1,6858.9,6858.1,7930.7,7931.8,7934.9,27246,27246.8,14573.5,14567.4,2731.2,2730.4,2730.7,5157.8,5157.9,5157.8,2271.6,2270.6,2270.8,2160.2,2159.8,2159.8,11522.9,11529.8,40.189999,31.59,1
100.8,13668.4,13673.2,1230,1229.7,1230,10496,10560.4,10593.2,3308.7,3308.2,3308.5,6288.4,6288.8,6288.9,21710.1,21714,11642.9,11643.4,5581.7,5582.8,5581.8,1140.1,1140.2,1140.1,4178.3,4177.2,4177.5,3587.7,3587.6,3587.9,14615.8,14621.2,60016,59993,100349.7,100525.2,100481.9,1615.5,1614.9,1615.4,6859.9,6859,6860.2,7932.5,7934.4,7935.2,27260.8,27248.6,14569.5,14562,2731.5,2731.2,2731.6,5157.1,5157.6,5158.1,2271.7,2270.8,2270.7,2160,2159.8,2159.8,11526.9,11522.6,40.189999,31.59,1
102.6,13673,13667.5,1230,1229.8,1230.1,10496.9,10560.8,10593.9,3308.6,3308.5,3308.9,6289.7,6289.7,6292.9,21709.5,21711.9,11644.1,11642.3,5583.5,5583.3,5583.9,1140.1,1140.2,1140.3,4178.6,4177.7,4176.5,3588.3,3587.9,3588.5,14605.5,14613.1,60044.5,60076.9,100691.1,100568.5,100525.2,1615.4,1614.7,1615.5,6860.5,6860.5,6860,7938.6,7937.7,7939.5,27239.6,27288.3,14568.5,14570.3,2731.9,2731.2,2731.7,5157.6,5157.6,5157.8,2271.4,2270.7,2270.8,2160.3,2159.8,2159.8,11524.2,11525.9,40.189999,31.59,1
104.4,13666.3,13666.5,1230,1229.8,1230.2,10498.7,10562.6,10595.7,3308.6,3308,3308.3,6289,6289.1,6290.8,21719.3,21723,11640.8,11638.7,5583.5,5582.7,5582.6,1140.2,1140.3,1140.5,4181.7,4179.4,4179.8,3588.2,3588.4,3588.5,14618.1,14616.7,59871.8,60021.7,100537.1,100450.5,100530.3,1615.6,1614.9,1615.8,6859.7,6861,6859.5,7935.7,7936.6,7937.9,27237.9,27254,14563.9,14565.2,2731.7,2731.4,2731.5,5157,5155.7,5157.3,2271.6,2270.8,2270.7,2160.7,2160,2159.8,11511.9,11516.4,40.169998,31.559999,1
106.2,13670.1,13669.1,1230.1,1229.8,1230.1,10499.7,10562.7,10594.8,3308.8,3308.1,3308.4,6290,6290,6292.5,21734.9,21718.1,11636.1,11638.2,5583.8,5584.2,5584.1,1140.3,1140.4,1140.5,4182.9,4182.3,4181.3,3588.7,3588.4,3588.8,14611.5,14621.5,59981.5,60062.1,100563.4,100566.8,100657.9,1615.4,1614.8,1615.7,6860.1,6860.4,6858.8,7936.1,7938.7,7941.2,27231.5,27246.9,14557,14560,2732.2,2732,2732.4,5157.1,5157.6,5158.1,2271.9,2270.7,2270.5,2160.4,2160.1,2160.3,11520.5,11526.3,40.18,31.610001,1
108,13669.7,13664.8,1230,1229.8,1230.1,10500.3,10563.5,10597.6,3308.7,3308.3,3309,6290.8,6290.9,6291.7,21719.3,21712.7,11637.5,11639.6,5583,5583.6,5583.4,1140.4,1140.5,1140.5,4184,4183.7,4183.7,3589.3,3589.3,3589.3,14612.2,14616.6,60021.1,60005.4,100492.1,100495.5,100332.8,1615.4,1615,1615.8,6860.6,6860.8,6861.6,7935.2,7935.7,7938.3,27250.8,27252.4,14564.3,14566.1,2732,2731.7,2731.9,5157.1,5157.8,5157.1,2271.5,2270.9,2270.7,2161,2160.4,2160.3,11522.6,11521.7,40.18,31.620001,1
109.8,13665,13664.2,1230,1229.7,1230.1,10504.7,10568.4,10600.9,3308.6,3308.1,3308.5,6289.8,6291.9,6292.7,21712.7,21721.4,11638.2,11639.6,5584,5582.5,5582.5,1140.3,1140.4,1140.5,4183.6,4184.4,4183.7,3589.1,3589,3588.7,14608.4,14608.1,59973.9,59976.3,100327.7,100628.1,100581.3,1615.6,1614.9,1615.8,6862.2,6861.1,6863.6,7938.9,7940.4,7937,27247.6,27244.2,14563.2,14563.8,2731.8,2731.4,2731.5,5156.9,5157.1,5156.7,2271.6,2271.1,2270.9,2160.1,2159.6,2160.2,11527.6,11528.6,40.139999,31.59,1
111.6,13667.5,13665.2,1230,1229.8,1230.2,10505.3,10567.4,10601.2,3308.7,3308.1,3308.6,6290.5,6291.5,6294.3,21718.5,21727.1,11636.1,11637.4,5584.2,5583.3,5582.9,1140.4,1140.5,1140.6,4188.6,4187.7,4185.7,3589.4,3588.8,3589.2,14613.5,14614,60029.6,60062.7,100488.7,100396.3,100320.1,1615.6,1615.2,1616,6861.6,6862.6,6862.9,7935.8,7937.1,7939.3,27234.8,27246.3,14563.2,14562.9,2732.2,2731.6,2731.6,5157,5156.4,5157.2,2271.5,2270.8,2270.6,2160.9,2160.4,2160.3,11522.2,11520.6,40.169998,31.610001,1
113.4,13669.4,13668.4,1230.2,1229.9,1230.2,10505,10570.3,10601.9,3308.6,3308,3308.7,6293.2,6293.2,6294.6,21730.8,21716.4,11640.4,11641.1,5583.9,5583.4,5583.4,1140.6,1140.5,1140.7,4186.8,4186,4187.3,3590.3,3589.8,3589.8,14612.6,14611.4,60009.3,60001.8,100601.7,100507.4,100500.6,1616,1615.3,1616,6863.7,6864.6,6863.4,7940.5,7940.2,7940.2,27241.5,27239,14563.7,14564.2,2732.2,2732,2732.5,5156.4,5156.4,5156.1,2271.7,2271,2270.8,2160.7,2160.2,2160.3,11520,11525.6,40.169998,31.58,1
115.2,13668.4,13666.5,1230.1,1230,1230.2,10507.5,10570.7,10607.2,3309,3308.5,3308.6,6292.1,6293.3,6294,21712.8,21726.3,11641.7,11638.7,5583.9,5583.6,5583.3,1140.6,1140.7,1140.7,4189.1,4188.9,4187.6,3590,3589.5,3590.1,14613.4,14620.8,60032.3,60080.6,100583,100419.1,100448.8,1615.5,1615.5,1616.2,6865.5,6864.6,6864.7,7935.4,7938.6,7939.6,27239.5,27245.8,14567.6,14558.1,2732.3,2732,2732.2,5157,5156.6,5156.8,2271.7,2271.1,2270.8,2160.8,2159.9,2160.4,11517.3,11518.9,40.18,31.610001,1
117,13666.3,13665.1,1230.2,1230,1230.2,10506.4,10572.5,10604.8,3308.6,3308.2,3308.9,6292.2,6294.1,6295.5,21717.9,21715.7,11636.1,11640.1,5584.1,5583.9,5583.7,1140.7,1140.7,1140.9,4190.9,4188.8,4188.9,3590.6,3590.3,3590.5,14612.2,14613.2,60100.6,60090,100584.7,100460.7,100382.7,1616,1615.4,1616,6862.8,6865.2,6866.2,7940.2,7938.9,7941.9,27224,27201.9,14560.6,14561.8,2732.5,2731.5,2732.4,5157.3,5157.5,5158.1,2271.7,2270.8,2271,2161,2160.2,2160.5,11525.8,11524.9,40.169998,31.58,1
118.8,13666.1,13663.3,1230.1,1229.9,1230.3,10510,10572.3,10603.9,3309,3308.5,3308.8,6295.7,6295.8,6298.8,21718.9,21717.4,11640.2,11639.6,5583.1,5583.3,5582.6,1140.7,1140.8,1140.9,4189.5,4188.9,4190,3590.9,3590.1,3590.4,14613.4,14611.1,60071.5,59979.3,100544.8,100429.3,100603.4,1615.8,1615.3,1616,6861.9,6861.2,6864.3,7939.8,7940.4,7942.6,27238.4,27235.2,14561.7,14560.6,2731.7,2731.5,2731.6,5156.8,5157,5156.2,2271.7,2270.6,2271,2161.1,2160.4,2160.6,11526.6,11523.2,40.169998,31.610001,1
120.6,13664.6,13660.8,1230.2,1229.9,1230.3,10507.9,10573.9,10607.4,3309.1,3308.5,3308.6,6293.4,6294.1,6296.2,21714.6,21724.8,11637.9,11643,5583.6,5583.6,5583.8,1140.8,1140.7,1140.9,4193.4,4191.2,4190.5,3590.9,3591,3590.7,14618.9,14620.9,60048.4,60087,100509.9,100661.3,100348,1616.1,1615.4,1616.2,6864.8,6865.2,6863.1,7943,7938.8,7940.8,27238.4,27236.5,14564,14568.7,2732.1,2731.7,2731.9,5157.7,5157.4,5157.9,2271.5,2270.7,2270.9,2161.2,2160.8,2160.7,11521.1,11524.6,40.189999,31.59,1
122.4,13666.3,13666.7,1230.2,1230,1230.4,10507.9,10574.6,10605.1,3308.8,3308.2,3308.7,6294.3,6294.7,6297.6,21711.2,21716.2,11644.3,11643.2,5584,5583,5583.3,1140.7,1140.9,1141,4192.8,4192.2,4192.1,3591.4,3590.7,3591.4,14616.3,14620.7,60053.3,60006,100504,100469.2,100485.3,1616.2,1615.6,1616.2,6865.6,6864.9,6864.5,7940.3,7941.6,7939.8,27236.1,27248.3,14556.2,14561.5,2732.4,2732.1,2732.1,5157.4,5157.9,5158,2272.1,2271.1,2270.7,2160.7,2160.6,2160.5,11529.9,11533.6,40.150002,31.620001,1
124.2,13668.6,13660.1,1230.3,1230,1230.3,10512.6,10576.6,10609,3308.3,3308.2,3308.1,6295.6,6296,6298.4,21717,21735.8,11643.2,11641,5583.4,5582.3,5583.2,1140.9,1141,1141.1,4196,4194.3,4193.8,3591.4,3590.8,3591.4,14613.9,14622.6,60037.8,59978.1,100577,100497.2,100566.8,1616,1615.6,1616.4,6865.8,6866.3,6864.3,7935.1,7937.1,7939.4,27236.3,27247.6,14572.5,14565.9,2732,2731.6,2731.8,5156.3,5157.3,5157.3,2271.7,2271.3,2270.7,2161.3,2161,2161,11522,11526.2,40.209999,31.58,1
126,13665.2,13665.5,1230.3,1230,1230.3,10512.5,10574.4,10614.6,3308.9,3308.3,3308.6,6296.3,6296.9,6297.2,21718.7,21714.6,11646.6,11648.2,5584.2,5583.9,5583.3,1140.9,1140.9,1141.1,4196.7,4196.1,4196.9,3592.1,3591.7,3592.2,14612.2,14618.8,60056.9,60056.3,100483.6,100666.4,100445.4,1616.3,1615.6,1616.3,6865.7,6867.2,6865.9,7942.9,7942.9,7943.2,27225.8,27232.8,14569.5,14563.1,2733.2,2732.8,2732.7,5156.8,5156.4,5157.3,2271.7,2271.1,2271.1,2161.4,2160.6,2160.6,11522.8,11517.8,40.209999,31.610001,1
127.8,13664.9,13672.6,1230.4,1230,1230.3,10513,10575.4,10610.9,3309,3308.6,3309,6297.4,6296.7,6298.5,21701.7,21717.1,11645.4,11654.6,5584.4,5583.3,5583.7,1140.9,1141,1141,4197.1,4196.2,4196.9,3591.9,3591.4,3591.8,14611.2,14617.9,60021.1,60014.8,100749.9,100591.5,100608.5,1616.2,1615.7,1616.6,6867.5,6867.4,6868,7943.4,7944.5,7945.2,27231.1,27238.8,14570.7,14565.7,2732.6,2732.5,2732.9,5156.8,5156.7,5157.5,2272.2,2271.2,2271,2160.7,2160.4,2160.7,11518,11519.2,40.209999,31.58,1
129.6,13664.5,13665.3,1230.3,1230,1230.5,10514,10578,10610.1,3308.5,3308.7,3309.1,6301.9,6300.4,6301.8,21720.9,21719.2,11647,11648.3,5584.4,5583.8,5584.2,1141,1141.1,1141.1,4200.9,4201.3,4200,3592.7,3591.7,3592.5,14621.1,14619.1,60071.5,60080.6,100520.1,100450.5,100518.4,1616.2,1615.7,1616.6,6868.1,6867.5,6867.5,7943.8,7944.8,7946,27227.4,27247.5,14567.4,14570.1,2732.5,2731.9,2732,5157.2,5157.5,5158,2271.9,2270.9,2271.1,2161.1,2160.5,2160.8,11520.6,11525.7,40.25,31.610001,1
131.4,13664,13663.6,1230.3,1230.2,1230.5,10519.3,10580.2,10612.3,3309.1,3308.7,3308.7,6298.4,6299.8,6301.2,21716.1,21722.3,11649.7,11647.3,5583.7,5584.4,5583.8,1141,1141.1,1141.1,4202,4200.8,4199.8,3592.2,3592,3592.4,14613,14618.2,60078.1,60063.3,100631.5,100571.9,100516.7,1616.5,1615.6,1616.4,6867,6867.2,6866.7,7943.7,7943.7,7944.2,27234.5,27244.5,14570.6,14571.1,2732.8,2732.5,2732.2,5156.6,5156.2,5157.3,2272.2,2271.3,2271.2,2161.5,2161,2161.1,11524.6,11528.2,40.200001,31.610001,1
133.2,13667.3,13662.2,1230.4,1230.2,1230.4,10516.3,10579.3,10611.2,3309,3308.6,3309,6298.1,6298.9,6300.9,21706.7,21710.9,11641.8,11638.3,5583.7,5583.1,5583.1,1141.1,1141.1,1141.2,4202.9,4201.1,4200.8,3592.9,3592.5,3592.9,14614.9,14621.9,60039.6,60046,100678.3,100601.7,100540.5,1616.6,1616.1,1616.9,6867.9,6868.5,6868.2,7946.7,7944.6,7944.4,27219.2,27280.6,14566.4,14564.9,2732.8,2733.2,2733.1,5156.7,5156.8,5156.5,2271.9,2271.3,2271,2161.1,2160.5,2160.8,11529,11530.7,40.259998,31.610001,1
135,13662,13659.8,1230.4,1230.1,1230.5,10518.6,10582.9,10615.3,3309.3,3308.8,3308.6,6299,6300.6,6301,21707.3,21724.4,11650.1,11646.2,5584.4,5583.8,5584.7,1141.1,1141.3,1141.3,4205.1,4205,4203.1,3593.1,3592.5,3593.2,14609.4,14611.9,60038.4,60027.8,100537.1,100686.8,100571.9,1616.5,1615.7,1616.5,6867.5,6869.3,6867.8,7945.4,7946.7,7947.3,27247.1,27242.5,14574.5,14568.2,2733.5,2733,2732.7,5155.9,5156.7,5156.5,2271.9,2271.4,2270.8,2161.9,2161.3,2161.3,11525.8,11528.8,40.189999,31.620001,1
136.8,13662.7,13665.4,1230.4,1230.1,1230.5,10521.1,10578.1,10616,3309.1,3308.7,3309,6299,6300.5,6301.8,21698.9,21720.2,11646.5,11647.5,5584.6,5584.7,5583.5,1141.1,1141.1,1141.3,4205.3,4203,4202.4,3593.7,3593.7,3593.8,14624.3,14617.3,59909.5,59985.7,100425.9,100518.4,100450.5,1616.4,1615.9,1616.6,6871.1,6870,6870.2,7947.1,7942.9,7946.2,27228.3,27220.5,14559.4,14563.6,2733.4,2733.8,2733.6,5155.8,5156.1,5156.5,2272,2271.3,2270.7,2161.6,2161.1,2161.3,11524.2,11520.8,40.209999,31.610001,1
138.6,13664.7,13661.5,1230.5,1230.2,1230.6,10521.4,10583.1,10615.9,3308.9,3308.7,3309.1,6299.7,6299.9,6300.3,21729.7,21719.7,11642.4,11644.6,5584.6,5583.8,5584.4,1141.2,1141.2,1141.3,4205.1,4205,4204,3593.6,3593.3,3593.8,14624.7,14622,60027.2,59999.3,100548.1,100504,100573.6,1616.4,1616,1616.8,6868.8,6869.3,6868.9,7946.4,7945.5,7948.8,27242.6,27245.8,14566.8,14564.4,2733.2,2733.2,2733,5157.3,5157.2,5157.1,2271.9,2270.9,2270.4,2161.6,2160.9,2161.3,11524.4,11524.7,40.209999,31.59,1
140.4,13662.8,13665.9,1230.5,1230.3,1230.6,10524.4,10584.7,10622.6,3309.4,3308.9,3309.2,6302.5,6301.8,6303.2,21736,21725.1,11643.2,11647,5584.5,5584.1,5584,1141.2,1141.3,1141.3,4208,4207.4,4207.5,3594.1,3593.8,3593.9,14616.9,14617.7,59933.1,60066.9,100509.9,100462.4,100530.3,1616.5,1616.2,1617,6870.5,6868.4,6869.1,7946.4,7945.4,7947.8,27242.5,27228.3,14567.7,14571.1,2733.9,2733.7,2733.9,5155.7,5155.8,5156.4,2271.9,2271.1,2271.1,2161.6,2161,2161.2,11529.2,11527.1,40.200001,31.610001,1
142.2,13663.6,13659.6,1230.5,1230.3,1230.7,10524.4,10590.3,10621.7,3309.2,3308.8,3308.8,6302.9,6303.5,6305,21717.2,21712.4,11641.9,11643.8,5584.2,5583.8,5583.8,1141.2,1141.3,1141.4,4208.2,4205.7,4204.4,3593.9,3594.1,3594,14610,14617.1,59993.9,59997.5,100513.3,100654.5,100280.3,1616.7,1616.4,1617,6872.7,6872.1,6872.2,7947.8,7946.8,7948.8,27230.6,27237.6,14569.2,14567.4,2734,2733.7,2733.9,5156.9,5156.3,5157.1,2271.8,2271.4,2271.4,2161.5,2161.1,2161,11522.4,11526.4,40.220001,31.58,1
144,13659.3,13665.1,1230.6,1230.3,1230.6,10527.1,10587.7,10620.9,3309.2,3308.9,3309.3,6304.4,6303.3,6305,21707.4,21710.1,11645.4,11646.4,5584.2,5584,5584.6,1141.4,1141.3,1141.5,4210.6,4209.8,4209.4,3594.6,3594,3594.2,14614.6,14618.4,59918.3,59970.9,100511.6,100507.4,100656.2,1616.9,1616.2,1617,6873.1,6871.7,6872.5,7944.3,7946.3,7946,27251.6,27251.7,14561.6,14561.5,2734,2733.7,2734.1,5157.6,5157.1,5157.5,2271.9,2271,2271.1,2160.9,2160.7,2160.8,11524.3,11528.2,40.220001,31.620001,1
145.8,13663,13663.1,1230.5,1230.2,1230.7,10526.6,10588.8,10621.2,3309.2,3308.7,3308.9,6303.4,6304.1,6305.7,21711.9,21717.8,11643.6,11643.2,5583.9,5583.3,5584.8,1141.4,1141.4,1141.6,4208.5,4209.1,4207.6,3594.8,3594.5,3594.6,14620,14618.7,59991.2,59955.5,100548.1,100507.4,100743.1,1616.6,1616.1,1617,6872.2,6872.1,6871.7,7946.2,7945.8,7947.9,27240.3,27253.4,14568.2,14572.8,2734.1,2734.3,2734.3,5155.6,5156.5,5157.5,2272.4,2271.6,2271.2,2161.1,2161.3,2161.3,11526.2,11531.7,40.220001,31.58,1
147.6,13670.3,13662.6,1230.8,1230.3,1230.6,10526.7,10591.3,10624.7,3309.1,3308.4,3308.9,6304.8,6305.9,6307.1,21711.8,21712.1,11646.9,11644.2,5584.8,5583.8,5584.4,1141.4,1141.4,1141.4,4209.7,4209.7,4210.1,3596.3,3595.5,3595.3,14614.3,14618.6,59999.3,59965.1,100556.6,100623,100645.1,1616.7,1616.1,1617,6872,6871.7,6872.5,7949,7948.9,7949,27249.8,27262.2,14569.6,14564.8,2733.9,2733.6,2734.2,5154.7,5155.8,5156.3,2272.2,2271.2,2271.3,2161.8,2161.4,2161.5,11521.1,11524.6,40.18,31.58,1
149.4,13666.8,13663.5,1230.6,1230.4,1230.7,10529.2,10593,10624.6,3309.4,3308.9,3309.5,6305.3,6310.3,6306.7,21698.3,21698.6,11645.9,11644.8,5584.4,5584.4,5584,1141.4,1141.4,1141.5,4210.1,4209.3,4209.5,3595.7,3595.3,3595.9,14614.8,14615.6,59991.8,59971.5,100490.4,100535.4,100528.6,1616.9,1616.6,1617,6873.1,6874.9,6874.2,7947.9,7948.3,7947.5,27239,27250.5,14566.1,14565.7,2734.3,2734.3,2734.2,5156.2,5154.6,5156.1,2272.4,2271.5,2271.2,2161.7,2161.5,2161.1,11530.1,11525.1,40.169998,31.59,1
151.2,13666.5,13665.2,1230.5,1230.3,1230.7,10527.7,10596.6,10628.4,3308.9,3308.5,3308.8,6303.5,6305.9,6306.9,21701.4,21719.2,11646,11645,5583.9,5583.2,5583.1,1141.7,1141.8,1141.7,4212.7,4212,4212,3596.1,3595.5,3596.4,14616.8,14617.3,60075.1,60011.1,100540.5,100566.8,100481.9,1617,1616.3,1617.2,6874.7,6874.4,6873.5,7948.8,7949,7951.5,27236.6,27250.6,14561.6,14568.5,2734.4,2733.9,2734.5,5155.8,5155.8,5155.8,2272.2,2271.3,2271,2161.5,2161.3,2161,11524,11520.5,40.200001,31.59,1
153,13667.8,13667.9,1230.7,1230.4,1230.7,10529.7,10591.3,10624.8,3309,3308.6,3309.1,6305.3,6306.2,6306,21701.7,21706.6,11650.7,11649.6,5584.8,5584.8,5584.4,1141.5,1141.5,1141.7,4213.6,4212.5,4213.3,3596,3595.8,3596,14618.9,14617.6,60306.7,60047.2,100391.2,100581.3,100802.9,1617,1616.5,1617.3,6874.2,6872.3,6872.2,7947.8,7948.4,7949.2,27253.1,27252.5,14564.8,14564.1,2734.5,2733.8,2734.2,5156.6,5156.9,5157.2,2272.4,2271.6,2271.2,2161.7,2161.5,2161.2,11519.1,11520.2,40.169998,31.610001,1
154.8,13670.4,13666.1,1230.7,1230.4,1230.7,10529.6,10592.2,10624.3,3309.1,3308.7,3309.4,6304.8,6306.4,6307.1,21701.5,21711.7,11639.4,11641,5584.2,5584.2,5584.5,1141.7,1141.7,1141.8,4215,4214.3,4215.6,3596.2,3596,3596.6,14623.1,14622.1,59928.6,60044.5,100509.9,100571.9,100967.1,1617.1,1616.4,1617.2,6871.8,6871.7,6875.7,7950.4,7949.4,7951.2,27254.4,27250.3,14565.7,14563.2,2735.1,2734.6,2734.6,5155.7,5155.6,5156.1,2272.2,2271.5,2271.2,2161.8,2161.5,2161.3,11524.7,11528.5,40.189999,31.59,1
156.6,13666,13662.6,1230.7,1230.3,1230.7,10528.4,10593.3,10627.8,3309.3,3308.8,3308.9,6305.6,6307,6308.6,21712.5,21705.3,11646.6,11645.7,5584.4,5584.6,5585.3,1141.6,1141.7,1141.8,4214.3,4214.8,4214.5,3596.7,3596.5,3596.9,14615.7,14617.3,59975.7,59901.4,100601.7,100739.7,101111.3,1617.1,1616.7,1617.3,6873.4,6873.2,6874.1,7951.6,7952.5,7955.4,27245,27245.8,14565.5,14556.8,2735.2,2734.7,2735.4,5155.4,5156.1,5155.8,2272.1,2271.2,2271,2161.5,2161.1,2161.7,11523.6,11529.9,40.200001,31.59,1
158.4,13665,13667,1230.7,1230.4,1230.6,10529.3,10589.8,10626.4,3309.1,3308.8,3309.1,6307.6,6308.9,6308.6,21706.1,21706.2,11639.6,11637.8,5583.6,5584.5,5584.7,1141.6,1141.6,1141.8,4217,4216.2,4216.1,3597.2,3596.8,3597.1,14620,14616.7,59959.1,60019.9,100638.3,100396.3,100633.2,1617.1,1616.5,1617.2,6874.2,6872.8,6874,7949.1,7950.4,7953.5,27256,27259.9,14573.6,14570.4,2735.2,2734.2,2734.7,5156.3,5156.5,5157,2272,2271.3,2271.5,2161.8,2161.2,2161.3,11532.6,11522.3,40.18,31.59,1
160.2,13663.7,13657.4,1230.7,1230.4,1230.8,10530.7,10594.2,10626.8,3308.4,3308.4,3309.2,6305.7,6308.1,6309.7,21697.1,21707.1,11637.5,11638.7,5584.7,5584.9,5584.4,1141.7,1141.7,1141.8,4217.2,4217.9,4217.8,3597.6,3597.3,3597.4,14615.2,14615.4,59996.9,60080,101004,100865.2,100681.7,1617,1616.7,1617.3,6874.3,6874.1,6874.6,7954,7956.1,7956.5,27235.2,27239.6,14572.6,14569.2,2734.9,2734.5,2734.5,5155.3,5156.7,5156.2,2272,2271.4,2271.5,2161.7,2161.3,2161.4,11524.3,11522,40.18,31.620001,1
162,13665.5,13662.2,1230.7,1230.4,1230.8,10530.2,10593.8,10628.5,3309,3308.5,3308.7,6307,6307.2,6308.6,21712.1,21713,11635.6,11639.6,5583.3,5583.4,5583.6,1141.6,1141.7,1141.8,4218.6,4219.4,4218.3,3597.9,3597.4,3597.8,14614.5,14611.8,59994.5,59924.3,100584.7,100673.2,100841.3,1617.3,1616.7,1617.6,6873.9,6872.8,6873.1,7952.6,7955,7958.1,27246.5,27255.5,14567,14568.1,2734.5,2733.9,2734.6,5154.6,5156.2,5156.5,2272.4,2271.5,2271.6,2161.3,2161.3,2161.6,11523.5,11515.4,40.200001,31.620001,1
